season_id,bowler,balls,runs_conceded,wickets,matches,overs,economy,strike_rate,average
2008,Sohail Tanvir,265,275,24,11,44.166666666666664,6.226415094339623,11.041666666666666,11.458333333333334
2008,IK Pathan,336,361,20,14,56.0,6.446428571428571,16.8,18.05
2008,SR Watson,344,395,20,15,57.333333333333336,6.88953488372093,17.2,19.75
2008,SK Warne,319,409,20,15,53.166666666666664,7.692789968652038,15.95,20.45
2008,JA Morkel,310,414,20,13,51.666666666666664,8.012903225806452,15.5,20.7
2008,MF Maharoof,226,255,19,10,37.666666666666664,6.769911504424779,11.894736842105264,13.421052631578947
2008,S Sreesanth,332,451,19,15,55.333333333333336,8.150602409638553,17.473684210526315,23.736842105263158
2008,PP Chawla,286,396,19,15,47.666666666666664,8.307692307692308,15.052631578947368,20.842105263157894
2008,MS Gony,371,456,18,16,61.833333333333336,7.37466307277628,20.61111111111111,25.333333333333332
2008,RP Singh,325,459,17,14,54.166666666666664,8.473846153846154,19.11764705882353,27.0
2008,VY Mahesh,266,380,17,11,44.333333333333336,8.571428571428571,15.647058823529411,22.352941176470587
2008,MM Patel,336,423,16,15,56.0,7.553571428571429,21.0,26.4375
2008,SK Trivedi,300,407,15,15,50.0,8.14,20.0,27.133333333333333
2008,Z Khan,258,369,15,11,43.0,8.581395348837209,17.2,24.6
2008,VRV Singh,296,425,15,13,49.333333333333336,8.614864864864865,19.733333333333334,28.333333333333332
2008,GD McGrath,329,366,14,14,54.833333333333336,6.674772036474164,23.5,26.142857142857142
2008,A Nehra,280,357,14,14,46.666666666666664,7.65,20.0,25.5
2008,DW Steyn,247,265,13,10,41.166666666666664,6.437246963562753,19.0,20.384615384615383
2008,SM Pollock,280,307,13,13,46.666666666666664,6.578571428571429,21.53846153846154,23.615384615384617
2008,P Kumar,275,376,12,13,45.833333333333336,8.203636363636363,22.916666666666668,31.333333333333332
2009,RP Singh,382,430,26,16,63.666666666666664,6.7539267015706805,14.692307692307692,16.53846153846154
2009,A Kumble,358,353,22,16,59.666666666666664,5.916201117318436,16.272727272727273,16.045454545454547
2009,A Nehra,326,354,22,13,54.333333333333336,6.515337423312883,14.818181818181818,16.09090909090909
2009,SL Malinga,326,334,21,13,54.333333333333336,6.147239263803681,15.523809523809524,15.904761904761905
2009,PP Ojha,327,359,21,15,54.5,6.587155963302752,15.571428571428571,17.095238095238095
2009,DP Nannes,320,384,20,13,53.333333333333336,7.199999999999999,16.0,19.2
2009,IK Pathan,314,398,20,14,52.333333333333336,7.6050955414012735,15.7,19.9
2009,PJ Sangwan,297,374,18,13,49.5,7.555555555555555,16.5,20.77777777777778
2009,M Muralitharan,304,267,16,13,50.666666666666664,5.269736842105264,19.0,16.6875
2009,P Kumar,312,401,16,13,52.0,7.711538461538462,19.5,25.0625
2009,JA Morkel,249,330,15,12,41.5,7.951807228915663,16.6,22.0
2009,A Mishra,262,300,14,11,43.666666666666664,6.870229007633588,18.714285714285715,21.428571428571427
2009,SK Warne,313,369,14,13,52.166666666666664,7.073482428115017,22.357142857142858,26.357142857142858
2009,L Balaji,229,320,14,13,38.166666666666664,8.384279475982533,16.357142857142858,22.857142857142858
2009,Harbhajan Singh,268,272,13,13,44.666666666666664,6.089552238805971,20.615384615384617,20.923076923076923
2009,PP Chawla,273,319,12,14,45.5,7.010989010989011,22.75,26.583333333333332
2010,PP Ojha,360,439,22,16,60.0,7.316666666666666,16.363636363636363,19.954545454545453
2010,A Mishra,329,371,20,14,54.833333333333336,6.76595744680851,16.45,18.55
2010,Harbhajan Singh,334,385,20,14,55.666666666666664,6.916167664670659,16.7,19.25
2010,A Kumble,389,422,19,16,64.83333333333333,6.508997429305913,20.473684210526315,22.210526315789473
2010,R Vinay Kumar,284,404,19,14,47.333333333333336,8.535211267605634,14.947368421052632,21.263157894736842
2010,Z Khan,295,388,18,14,49.166666666666664,7.891525423728814,16.38888888888889,21.555555555555557
2010,DW Steyn,382,415,17,15,63.666666666666664,6.518324607329843,22.470588235294116,24.41176470588235
2010,SL Malinga,310,360,17,13,51.666666666666664,6.967741935483871,18.235294117647058,21.176470588235293
2010,KA Pollard,233,276,17,12,38.833333333333336,7.1072961373390555,13.705882352941176,16.235294117647058
2010,IK Pathan,290,435,17,14,48.333333333333336,9.0,17.058823529411764,25.58823529411765
2010,M Muralitharan,302,346,15,12,50.333333333333336,6.874172185430464,20.133333333333333,23.066666666666666
2010,SB Jakati,232,300,15,11,38.666666666666664,7.758620689655173,15.466666666666667,20.0
2010,JH Kallis,350,484,15,16,58.333333333333336,8.297142857142857,23.333333333333332,32.266666666666666
2010,R Ashwin,297,308,14,12,49.5,6.222222222222222,21.214285714285715,22.0
2010,JA Morkel,295,410,14,14,49.166666666666664,8.338983050847459,21.071428571428573,29.285714285714285
2010,RP Singh,266,385,14,12,44.333333333333336,8.68421052631579,19.0,27.5
2010,A Symonds,325,385,13,16,54.166666666666664,7.107692307692308,25.0,29.615384615384617
2010,PP Chawla,296,371,13,14,49.333333333333336,7.52027027027027,22.76923076923077,28.53846153846154
2010,SK Warne,305,389,12,14,50.833333333333336,7.6524590163934425,25.416666666666668,32.416666666666664
2010,P Kumar,288,392,12,12,48.0,8.166666666666666,24.0,32.666666666666664
2011,SL Malinga,397,393,30,16,66.16666666666667,5.9395465994962215,13.233333333333333,13.1
2011,MM Patel,329,377,22,15,54.833333333333336,6.875379939209727,14.954545454545455,17.136363636363637
2011,S Aravind,288,377,22,13,48.0,7.854166666666667,13.090909090909092,17.136363636363637
2011,R Ashwin,385,398,21,16,64.16666666666667,6.202597402597402,18.333333333333332,18.952380952380953
2011,DE Bollinger,294,343,20,13,49.0,7.0,14.7,17.15
2011,A Mishra,324,369,19,14,54.0,6.833333333333333,17.05263157894737,19.42105263157895
2011,Iqbal Abdulla,305,313,18,15,50.833333333333336,6.157377049180328,16.944444444444443,17.38888888888889
2011,R Sharma,302,278,17,14,50.333333333333336,5.523178807947019,17.764705882352942,16.352941176470587
2011,R Vinay Kumar,278,345,17,13,46.333333333333336,7.446043165467626,16.352941176470587,20.294117647058822
2011,RJ Harris,295,401,17,13,49.166666666666664,8.155932203389831,17.352941176470587,23.58823529411765
2011,Harbhajan Singh,328,373,16,15,54.666666666666664,6.823170731707317,20.5,23.3125
2011,PP Chawla,253,340,16,12,42.166666666666664,8.063241106719367,15.8125,21.25
2011,JA Morkel,280,390,16,14,46.666666666666664,8.357142857142858,17.5,24.375
2011,RP Singh,314,365,15,14,52.333333333333336,6.974522292993631,20.933333333333334,24.333333333333332
2011,Z Khan,373,465,15,15,62.166666666666664,7.479892761394102,24.866666666666667,31.0
2011,SK Warne,286,298,14,12,47.666666666666664,6.251748251748252,20.428571428571427,21.285714285714285
2011,DW Steyn,286,304,14,12,47.666666666666664,6.377622377622378,20.428571428571427,21.714285714285715
2011,M Morkel,274,336,14,11,45.666666666666664,7.357664233576643,19.571428571428573,24.0
2011,DL Vettori,312,315,13,13,52.0,6.0576923076923075,24.0,24.23076923076923
2011,YK Pathan,241,244,13,14,40.166666666666664,6.0746887966804985,18.53846153846154,18.76923076923077
2011,IK Pathan,288,353,13,13,48.0,7.354166666666667,22.153846153846153,27.153846153846153
2011,L Balaji,282,383,13,14,47.0,8.148936170212766,21.692307692307693,29.46153846153846
2011,KA Pollard,270,367,13,16,45.0,8.155555555555555,20.76923076923077,28.23076923076923
2012,M Morkel,389,466,30,16,64.83333333333333,7.187660668380463,12.966666666666667,15.533333333333333
2012,SP Narine,357,332,29,15,59.5,5.579831932773109,12.310344827586206,11.448275862068966
2012,SL Malinga,351,355,25,14,58.5,6.068376068376068,14.04,14.2
2012,UT Yadav,383,459,22,17,63.833333333333336,7.190600522193211,17.40909090909091,20.863636363636363
2012,Z Khan,370,468,21,15,61.666666666666664,7.58918918918919,17.61904761904762,22.285714285714285
2012,R Vinay Kumar,346,488,21,14,57.666666666666664,8.46242774566474,16.476190476190474,23.238095238095237
2012,DJ Bravo,363,472,20,18,60.5,7.801652892561983,18.15,23.6
2012,R Ashwin,402,439,19,18,67.0,6.552238805970149,21.157894736842106,23.105263157894736
2012,DW Steyn,289,290,18,12,48.166666666666664,6.02076124567474,16.055555555555557,16.11111111111111
2012,PP Chawla,346,425,18,16,57.666666666666664,7.369942196531793,19.22222222222222,23.61111111111111
2012,KA Pollard,286,352,18,14,47.666666666666664,7.384615384615385,15.88888888888889,19.555555555555557
2012,P Awana,296,382,18,12,49.333333333333336,7.743243243243243,16.444444444444443,21.22222222222222
2012,R Bhatia,323,400,17,16,53.833333333333336,7.430340557275541,19.0,23.529411764705884
2012,MM Patel,288,374,17,12,48.0,7.791666666666667,16.941176470588236,22.0
2012,JH Kallis,336,410,16,16,56.0,7.321428571428571,21.0,25.625
2012,M Muralitharan,245,264,15,10,40.833333333333336,6.465306122448979,16.333333333333332,17.6
2012,SK Trivedi,324,387,14,14,54.0,7.166666666666667,23.142857142857142,27.642857142857142
2012,Azhar Mahmood,265,331,14,11,44.166666666666664,7.49433962264151,18.928571428571427,23.642857142857142
2012,JA Morkel,315,392,13,15,52.5,7.466666666666667,24.23076923076923,30.153846153846153
2012,A Mishra,289,381,13,14,48.166666666666664,7.9100346020761245,22.23076923076923,29.307692307692307
2012,P Kumar,395,445,12,16,65.83333333333333,6.759493670886076,32.916666666666664,37.083333333333336
2012,A Nehra,291,411,12,13,48.5,8.474226804123711,24.25,34.25
2013,DJ Bravo,392,505,34,18,65.33333333333333,7.729591836734694,11.529411764705882,14.852941176470589
2013,JP Faulkner,395,436,33,16,65.83333333333333,6.622784810126583,11.969696969696969,13.212121212121213
2013,R Vinay Kumar,370,502,27,16,61.666666666666664,8.14054054054054,13.703703703703704,18.59259259259259
2013,SP Narine,387,353,26,16,64.5,5.4728682170542635,14.884615384615385,13.576923076923077
2013,Harbhajan Singh,430,466,25,19,71.66666666666667,6.502325581395349,17.2,18.64
2013,A Mishra,376,395,24,17,62.666666666666664,6.303191489361702,15.666666666666666,16.458333333333332
2013,MG Johnson,403,471,24,17,67.16666666666667,7.012406947890819,16.791666666666668,19.625
2013,SL Malinga,402,484,23,17,67.0,7.223880597014926,17.47826086956522,21.043478260869566
2013,KK Cooper,341,456,22,14,56.833333333333336,8.023460410557185,15.5,20.727272727272727
2013,MM Sharma,311,327,21,15,51.833333333333336,6.308681672025723,14.80952380952381,15.571428571428571
2013,NLTC Perera,369,490,21,16,61.5,7.967479674796748,17.571428571428573,23.333333333333332
2013,DW Steyn,419,395,20,17,69.83333333333333,5.656324582338902,20.95,19.75
2013,UT Yadav,363,518,20,16,60.5,8.561983471074381,18.15,25.9
2013,JH Kallis,329,407,19,15,54.833333333333336,7.422492401215806,17.31578947368421,21.42105263157895
2013,PP Ojha,318,391,18,15,53.0,7.377358490566038,17.666666666666668,21.72222222222222
2013,AB Dinda,304,466,18,13,50.666666666666664,9.197368421052632,16.88888888888889,25.88888888888889
2013,CH Morris,309,410,17,16,51.5,7.961165048543689,18.176470588235293,24.11764705882353
2013,R Ashwin,354,397,16,18,59.0,6.728813559322034,22.125,24.8125
2013,SR Watson,256,319,16,13,42.666666666666664,7.4765625,16.0,19.9375
2013,P Awana,332,416,16,14,55.333333333333336,7.518072289156626,20.75,26.0
2013,Azhar Mahmood,267,335,16,11,44.5,7.52808988764045,16.6875,20.9375
2013,I Sharma,374,471,16,16,62.333333333333336,7.55614973262032,23.375,29.4375
2013,RA Jadeja,262,326,15,15,43.666666666666664,7.465648854961833,17.466666666666665,21.733333333333334
2013,RP Singh,251,336,14,11,41.833333333333336,8.03187250996016,17.928571428571427,24.0
2013,B Kumar,359,381,13,16,59.833333333333336,6.367688022284122,27.615384615384617,29.307692307692307
2013,P Kumar,354,394,13,15,59.0,6.677966101694915,27.23076923076923,30.307692307692307
2013,R Rampaul,235,271,13,10,39.166666666666664,6.919148936170213,18.076923076923077,20.846153846153847
2013,JD Unadkat,299,373,13,13,49.833333333333336,7.48494983277592,23.0,28.692307692307693
2013,L Balaji,311,399,13,13,51.833333333333336,7.697749196141479,23.923076923076923,30.692307692307693
2013,SK Trivedi,368,425,12,17,61.333333333333336,6.929347826086956,30.666666666666668,35.416666666666664
2014,MM Sharma,324,457,26,16,54.0,8.462962962962964,12.461538461538462,17.576923076923077
2014,SP Narine,386,421,22,16,64.33333333333333,6.544041450777202,17.545454545454547,19.136363636363637
2014,B Kumar,327,362,21,14,54.5,6.6422018348623855,15.571428571428571,17.238095238095237
2014,RA Jadeja,332,446,20,16,55.333333333333336,8.06024096385542,16.6,22.3
2014,AR Patel,403,424,19,17,67.16666666666667,6.312655086848634,21.210526315789473,22.31578947368421
2014,Sandeep Sharma,255,358,19,11,42.5,8.423529411764706,13.421052631578947,18.842105263157894
2014,SL Malinga,243,267,17,10,40.5,6.592592592592593,14.294117647058824,15.705882352941176
2014,R Ashwin,379,446,17,16,63.166666666666664,7.060686015831135,22.294117647058822,26.235294117647058
2014,MA Starc,340,419,17,14,56.666666666666664,7.394117647058824,20.0,24.647058823529413
2014,KV Sharma,307,393,17,14,51.166666666666664,7.6807817589576555,18.058823529411764,23.11764705882353
2014,MG Johnson,340,450,17,14,56.666666666666664,7.9411764705882355,20.0,26.470588235294116
2014,VR Aaron,238,309,16,10,39.666666666666664,7.789915966386555,14.875,19.3125
2014,Shakib Al Hasan,307,339,15,13,51.166666666666664,6.625407166123779,20.466666666666665,22.6
2014,PV Tambe,304,365,15,13,50.666666666666664,7.203947368421053,20.266666666666666,24.333333333333332
2014,R Dhawan,294,373,15,13,49.0,7.612244897959184,19.6,24.866666666666667
2014,JP Faulkner,272,438,15,13,45.333333333333336,9.661764705882353,18.133333333333333,29.2
2014,Harbhajan Singh,336,365,14,14,56.0,6.517857142857143,24.0,26.071428571428573
2014,PP Chawla,238,304,14,11,39.666666666666664,7.663865546218488,17.0,21.714285714285715
2014,M Morkel,305,376,13,12,50.833333333333336,7.396721311475409,23.46153846153846,28.923076923076923
2014,R Bhatia,232,287,13,12,38.666666666666664,7.422413793103448,17.846153846153847,22.076923076923077
2014,YS Chahal,333,389,12,14,55.5,7.009009009009009,27.75,32.416666666666664
2014,DW Steyn,342,441,12,14,57.0,7.7368421052631575,28.5,36.75
2014,UT Yadav,283,381,12,12,47.166666666666664,8.07773851590106,23.583333333333332,31.75
2015,DJ Bravo,324,442,28,16,54.0,8.185185185185185,11.571428571428571,15.785714285714286
2015,SL Malinga,378,453,26,15,63.0,7.190476190476191,14.538461538461538,17.423076923076923
2015,A Nehra,385,453,25,16,64.16666666666667,7.059740259740259,15.4,18.12
2015,YS Chahal,283,416,24,14,47.166666666666664,8.819787985865725,11.791666666666666,17.333333333333332
2015,MA Starc,272,306,22,12,45.333333333333336,6.75,12.363636363636363,13.909090909090908
2015,HV Patel,272,339,19,14,45.333333333333336,7.477941176470588,14.31578947368421,17.842105263157894
2015,Harbhajan Singh,349,448,19,15,58.166666666666664,7.702005730659026,18.36842105263158,23.57894736842105
2015,B Kumar,323,419,19,14,53.833333333333336,7.783281733746129,17.0,22.05263157894737
2015,MJ McClenaghan,305,395,18,12,50.833333333333336,7.770491803278688,16.944444444444443,21.944444444444443
2015,D Wiese,262,360,17,13,43.666666666666664,8.244274809160306,15.411764705882353,21.176470588235293
2015,NM Coulter-Nile,264,331,16,11,44.0,7.5227272727272725,16.5,20.6875
2015,Anureet Singh,322,477,16,14,53.666666666666664,8.888198757763975,20.125,29.8125
2015,MM Sharma,350,482,15,16,58.333333333333336,8.262857142857143,23.333333333333332,32.13333333333333
2015,AD Russell,254,332,14,13,42.333333333333336,7.8425196850393695,18.142857142857142,23.714285714285715
2015,AR Patel,289,399,14,14,48.166666666666664,8.283737024221454,20.642857142857142,28.5
2015,Sandeep Sharma,311,359,13,14,51.833333333333336,6.92604501607717,23.923076923076923,27.615384615384617
2015,CH Morris,263,321,13,11,43.833333333333336,7.323193916349809,20.23076923076923,24.692307692307693
2015,RA Jadeja,258,334,12,15,43.0,7.767441860465116,21.5,27.833333333333332
2015,UT Yadav,266,387,12,12,44.333333333333336,8.729323308270676,22.166666666666668,32.25
2016,B Kumar,414,503,24,17,69.0,7.2898550724637685,17.25,20.958333333333332
2016,SR Watson,360,490,23,16,60.0,8.166666666666666,15.652173913043478,21.304347826086957
2016,YS Chahal,308,409,22,13,51.333333333333336,7.967532467532467,14.0,18.59090909090909
2016,DS Kulkarni,297,365,20,14,49.5,7.373737373737374,14.85,18.25
2016,Mustafizur Rahman,376,427,19,16,62.666666666666664,6.8138297872340425,19.789473684210527,22.473684210526315
2016,Sandeep Sharma,309,374,19,14,51.5,7.262135922330097,16.263157894736842,19.68421052631579
2016,DJ Bravo,348,502,19,15,58.0,8.655172413793103,18.31578947368421,26.42105263157895
2016,JJ Bumrah,322,413,18,14,53.666666666666664,7.695652173913044,17.88888888888889,22.944444444444443
2016,MJ McClenaghan,332,449,18,14,55.333333333333336,8.114457831325302,18.444444444444443,24.944444444444443
2016,CH Morris,274,320,16,12,45.666666666666664,7.007299270072993,17.125,20.0
2016,MM Sharma,304,410,16,14,50.666666666666664,8.092105263157896,19.0,25.625
2016,A Mishra,284,350,14,14,47.333333333333336,7.394366197183098,20.285714285714285,25.0
2016,MC Henriques,318,418,14,17,53.0,7.886792452830188,22.714285714285715,29.857142857142858
2016,BB Sran,312,420,14,14,52.0,8.076923076923077,22.285714285714285,30.0
2016,SP Narine,262,310,13,11,43.666666666666664,7.099236641221374,20.153846153846153,23.846153846153847
2016,AR Patel,294,395,13,14,49.0,8.061224489795919,22.615384615384617,30.384615384615383
2016,Z Khan,271,341,12,12,45.166666666666664,7.549815498154982,22.583333333333332,28.416666666666668
2017,B Kumar,324,384,28,14,54.0,7.111111111111111,11.571428571428571,13.714285714285714
2017,JD Unadkat,279,330,27,12,46.5,7.096774193548387,10.333333333333334,12.222222222222221
2017,JJ Bumrah,365,449,23,16,60.833333333333336,7.380821917808219,15.869565217391305,19.52173913043478
2017,MJ McClenaghan,345,512,20,14,57.5,8.904347826086957,17.25,25.6
2017,Imran Tahir,286,370,19,12,47.666666666666664,7.7622377622377625,15.052631578947368,19.473684210526315
2017,Rashid Khan,328,368,18,14,54.666666666666664,6.731707317073171,18.22222222222222,20.444444444444443
2017,CR Woakes,278,393,18,13,46.333333333333336,8.482014388489208,15.444444444444445,21.833333333333332
2017,UT Yadav,304,432,18,14,50.666666666666664,8.526315789473685,16.88888888888889,24.0
2017,Sandeep Sharma,300,402,17,13,50.0,8.04,17.647058823529413,23.647058823529413
2017,PJ Cummins,289,393,16,12,48.166666666666664,8.159169550173011,18.0625,24.5625
2017,AR Patel,294,366,15,14,49.0,7.469387755102041,19.6,24.4
2017,Basil Thampi,278,428,15,12,46.333333333333336,9.237410071942445,18.533333333333335,28.533333333333335
2017,BA Stokes,274,327,14,12,45.666666666666664,7.160583941605839,19.571428571428573,23.357142857142858
2017,YS Chahal,271,351,14,13,45.166666666666664,7.771217712177122,19.357142857142858,25.071428571428573
2017,SN Thakur,239,319,13,12,39.833333333333336,8.00836820083682,18.384615384615383,24.53846153846154
2017,MM Sharma,277,412,13,14,46.166666666666664,8.92418772563177,21.307692307692307,31.692307692307693
2017,SP Narine,362,412,12,15,60.333333333333336,6.828729281767956,30.166666666666668,34.333333333333336
2017,DT Christian,249,303,12,13,41.5,7.301204819277109,20.75,25.25
2017,Z Khan,246,323,12,11,41.0,7.878048780487805,20.5,26.916666666666668
2017,Kuldeep Yadav,250,345,12,11,41.666666666666664,8.280000000000001,20.833333333333332,28.75
2018,AJ Tye,353,459,28,14,58.833333333333336,7.80169971671388,12.607142857142858,16.392857142857142
2018,S Kaul,402,558,24,17,67.0,8.328358208955224,16.75,23.25
2018,Rashid Khan,411,466,23,17,68.5,6.802919708029197,17.869565217391305,20.26086956521739
2018,UT Yadav,331,424,20,14,55.166666666666664,7.685800604229607,16.55,21.2
2018,TA Boult,327,476,20,14,54.5,8.73394495412844,16.35,23.8
2018,HH Pandya,270,391,19,13,45.0,8.688888888888888,14.210526315789474,20.57894736842105
2018,Kuldeep Yadav,312,423,18,16,52.0,8.134615384615385,17.333333333333332,23.5
2018,DJ Bravo,338,538,18,16,56.333333333333336,9.550295857988166,18.77777777777778,29.88888888888889
2018,JJ Bumrah,333,383,17,14,55.5,6.900900900900901,19.58823529411765,22.529411764705884
2018,SP Narine,371,473,17,16,61.833333333333336,7.649595687331536,21.823529411764707,27.823529411764707
2018,SN Thakur,295,433,17,13,49.166666666666664,8.80677966101695,17.352941176470587,25.470588235294116
2018,Shakib Al Hasan,345,458,16,17,57.5,7.965217391304348,21.5625,28.625
2018,MJ McClenaghan,250,340,16,11,41.666666666666664,8.16,15.625,21.25
2018,Mujeeb Ur Rahman,254,292,15,11,42.333333333333336,6.89763779527559,16.933333333333334,19.466666666666665
2018,JC Archer,249,329,15,10,41.5,7.927710843373494,16.6,21.933333333333334
2018,M Markande,268,376,15,14,44.666666666666664,8.417910447761194,17.866666666666667,25.066666666666666
2018,KH Pandya,246,288,14,13,41.0,7.024390243902439,17.571428571428573,20.571428571428573
2018,Sandeep Sharma,273,334,14,12,45.5,7.34065934065934,19.5,23.857142857142858
2018,PP Chawla,296,419,14,15,49.333333333333336,8.493243243243242,21.142857142857142,29.928571428571427
2018,A Mishra,226,265,13,10,37.666666666666664,7.035398230088496,17.384615384615383,20.384615384615383
2018,AD Russell,239,360,13,15,39.833333333333336,9.03765690376569,18.384615384615383,27.692307692307693
2018,YS Chahal,313,374,12,14,52.166666666666664,7.169329073482428,26.083333333333332,31.166666666666668
2018,RA Jadeja,250,310,12,14,41.666666666666664,7.44,20.833333333333332,25.833333333333332
2018,K Gowtham,244,321,12,15,40.666666666666664,7.89344262295082,20.333333333333332,26.75
2018,Mohammed Siraj,264,372,12,11,44.0,8.454545454545455,22.0,31.0
2018,JD Unadkat,310,486,12,15,51.666666666666664,9.406451612903226,25.833333333333332,40.5
2019,K Rabada,292,375,28,12,48.666666666666664,7.705479452054795,10.428571428571429,13.392857142857142
2019,Imran Tahir,388,440,26,17,64.66666666666667,6.804123711340206,14.923076923076923,16.923076923076923
2019,DL Chahar,400,486,22,17,66.66666666666667,7.289999999999999,18.181818181818183,22.09090909090909
2019,Mohammed Shami,331,477,22,14,55.166666666666664,8.646525679758309,15.045454545454545,21.681818181818183
2019,JJ Bumrah,378,425,21,16,63.0,6.746031746031746,18.0,20.238095238095237
2019,S Gopal,289,350,20,14,48.166666666666664,7.26643598615917,14.45,17.5
2019,Rashid Khan,364,387,19,15,60.666666666666664,6.3791208791208796,19.157894736842106,20.36842105263158
2019,Harbhajan Singh,269,315,18,11,44.833333333333336,7.026022304832713,14.944444444444445,17.5
2019,YS Chahal,308,394,18,14,51.333333333333336,7.675324675324675,17.11111111111111,21.88888888888889
2019,SL Malinga,280,452,18,12,46.666666666666664,9.685714285714287,15.555555555555555,25.11111111111111
2019,R Ashwin,342,400,17,14,57.0,7.017543859649122,20.11764705882353,23.529411764705884
2019,HH Pandya,269,397,16,16,44.833333333333336,8.855018587360595,16.8125,24.8125
2019,RA Jadeja,326,347,15,16,54.333333333333336,6.386503067484663,21.733333333333334,23.133333333333333
2019,B Kumar,367,466,14,15,61.166666666666664,7.618528610354224,26.214285714285715,33.285714285714285
2019,I Sharma,285,364,14,13,47.5,7.663157894736842,20.357142857142858,26.0
2019,RD Chahar,287,310,13,13,47.833333333333336,6.480836236933798,22.076923076923077,23.846153846153847
2019,DJ Bravo,263,336,13,12,43.833333333333336,7.665399239543726,20.23076923076923,25.846153846153847
2019,Sandeep Sharma,265,355,13,11,44.166666666666664,8.037735849056604,20.384615384615383,27.307692307692307
2019,JC Archer,264,306,12,11,44.0,6.954545454545454,22.0,25.5
2019,KH Pandya,282,337,12,16,47.0,7.170212765957447,23.5,28.083333333333332
2019,AR Patel,307,368,12,14,51.166666666666664,7.192182410423453,25.583333333333332,30.666666666666668
2019,Navdeep Saini,299,410,12,13,49.833333333333336,8.227424749163879,24.916666666666668,34.166666666666664
2020,K Rabada,411,563,30,17,68.5,8.218978102189782,13.7,18.766666666666666
2020,JJ Bumrah,372,420,28,15,62.0,6.774193548387097,13.285714285714286,15.0
2020,TA Boult,350,458,26,15,58.333333333333336,7.851428571428571,13.461538461538462,17.615384615384617
2020,A Nortje,376,529,23,16,62.666666666666664,8.441489361702128,16.347826086956523,23.0
2020,YS Chahal,348,414,22,15,58.0,7.137931034482759,15.818181818181818,18.818181818181817
2020,Mohammed Shami,333,474,22,14,55.5,8.54054054054054,15.136363636363637,21.545454545454547
2020,Rashid Khan,387,352,20,16,64.5,5.457364341085271,19.35,17.6
2020,JC Archer,345,373,20,14,57.5,6.48695652173913,17.25,18.65
2020,T Natarajan,389,520,19,16,64.83333333333333,8.02056555269923,20.473684210526315,27.36842105263158
2020,CV Varun,313,357,17,13,52.166666666666664,6.843450479233227,18.41176470588235,21.0
2020,RD Chahar,323,439,16,15,53.833333333333336,8.154798761609907,20.1875,27.4375
2020,R Ashwin,312,393,15,15,52.0,7.5576923076923075,20.8,26.2
2020,Sandeep Sharma,317,374,14,13,52.833333333333336,7.078864353312302,22.642857142857142,26.714285714285715
2020,Ravi Bishnoi,318,381,14,14,53.0,7.188679245283019,22.714285714285715,27.214285714285715
2020,SM Curran,265,348,14,13,44.166666666666664,7.879245283018868,18.928571428571427,24.857142857142858
2020,DL Chahar,321,402,12,14,53.5,7.514018691588785,26.75,33.5
2020,PJ Cummins,321,424,12,14,53.5,7.925233644859813,26.75,35.333333333333336
2021,HV Patel,361,461,35,15,60.166666666666664,7.662049861495845,10.314285714285715,13.17142857142857
2021,Avesh Khan,383,466,27,16,63.833333333333336,7.300261096605744,14.185185185185185,17.25925925925926
2021,JJ Bumrah,347,422,22,14,57.833333333333336,7.296829971181556,15.772727272727273,19.181818181818183
2021,SN Thakur,388,531,22,16,64.66666666666667,8.211340206185566,17.636363636363637,24.136363636363637
2021,CV Varun,416,456,20,17,69.33333333333333,6.5769230769230775,20.8,22.8
2021,Mohammed Shami,323,400,20,14,53.833333333333336,7.430340557275541,16.15,20.0
2021,Arshdeep Singh,263,348,20,12,43.833333333333336,7.939163498098859,13.15,17.4
2021,Rashid Khan,343,390,19,14,57.166666666666664,6.822157434402333,18.05263157894737,20.526315789473685
2021,YS Chahal,323,381,19,15,53.833333333333336,7.077399380804954,17.0,20.05263157894737
2021,SP Narine,344,369,18,14,57.333333333333336,6.436046511627906,19.11111111111111,20.5
2021,Mustafizur Rahman,327,448,18,14,54.5,8.220183486238533,18.166666666666668,24.88888888888889
2021,CH Morris,262,396,17,11,43.666666666666664,9.068702290076336,15.411764705882353,23.294117647058822
2021,AR Patel,279,308,16,12,46.5,6.623655913978495,17.4375,19.25
2021,DL Chahar,339,453,16,15,56.5,8.017699115044248,21.1875,28.3125
2021,K Rabada,346,464,16,15,57.666666666666664,8.046242774566474,21.625,29.0
2021,TA Boult,317,409,14,14,52.833333333333336,7.7413249211356465,22.642857142857142,29.214285714285715
2021,C Sakariya,334,434,14,14,55.666666666666664,7.796407185628743,23.857142857142858,31.0
2021,RA Jadeja,300,347,13,16,50.0,6.94,23.076923076923077,26.692307692307693
2021,RD Chahar,261,324,13,11,43.5,7.448275862068965,20.076923076923077,24.923076923076923
2021,M Prasidh Krishna,253,357,12,10,42.166666666666664,8.466403162055336,21.083333333333332,29.75
2022,YS Chahal,429,536,29,17,71.5,7.496503496503497,14.793103448275861,18.482758620689655
2022,PWH de Silva,346,439,27,16,57.666666666666664,7.612716763005781,12.814814814814815,16.25925925925926
2022,K Rabada,303,414,23,13,50.5,8.198019801980198,13.173913043478262,18.0
2022,Umran Malik,313,455,23,14,52.166666666666664,8.722044728434506,13.608695652173912,19.782608695652176
2022,HV Patel,338,421,21,15,56.333333333333336,7.4733727810650885,16.095238095238095,20.047619047619047
2022,Mohammed Shami,378,491,21,16,63.0,7.7936507936507935,18.0,23.38095238095238
2022,M Prasidh Krishna,432,564,21,17,72.0,7.833333333333333,20.571428571428573,26.857142857142858
2022,JR Hazlewood,289,380,21,12,48.166666666666664,7.889273356401384,13.761904761904763,18.095238095238095
2022,Kuldeep Yadav,306,420,21,14,51.0,8.235294117647058,14.571428571428571,20.0
2022,Rashid Khan,386,428,20,16,64.33333333333333,6.652849740932643,19.3,21.4
2022,T Natarajan,272,410,20,11,45.333333333333336,9.044117647058822,13.6,20.5
2022,Avesh Khan,300,423,19,13,50.0,8.46,15.789473684210526,22.263157894736842
2022,TA Boult,387,501,18,16,64.5,7.767441860465116,21.5,27.833333333333332
2022,DJ Bravo,229,303,17,10,38.166666666666664,7.938864628820961,13.470588235294118,17.823529411764707
2022,UT Yadav,297,354,16,12,49.5,7.151515151515151,18.5625,22.125
2022,JJ Bumrah,327,392,16,14,54.5,7.192660550458716,20.4375,24.5
2022,KK Ahmed,242,315,16,10,40.333333333333336,7.8099173553719,15.125,19.6875
2022,LH Ferguson,298,433,16,13,49.666666666666664,8.718120805369129,18.625,27.0625
2022,Mukesh Choudhary,291,425,16,13,48.5,8.762886597938145,18.1875,26.5625
2022,JO Holder,266,399,16,12,44.333333333333336,9.0,16.625,24.9375
2022,SN Thakur,315,485,16,14,52.5,9.238095238095237,19.6875,30.3125
2022,RD Chahar,290,365,14,13,48.333333333333336,7.551724137931034,20.714285714285715,26.071428571428573
2022,Ravi Bishnoi,340,462,14,14,56.666666666666664,8.152941176470588,24.285714285714285,33.0
2022,DR Sams,274,375,14,11,45.666666666666664,8.211678832116789,19.571428571428573,26.785714285714285
2022,B Kumar,330,394,13,14,55.0,7.163636363636364,25.384615384615383,30.307692307692307
2022,R Ashwin,419,506,13,17,69.83333333333333,7.2458233890214805,32.23076923076923,38.92307692307692
2022,Arshdeep Singh,317,402,12,14,52.833333333333336,7.608832807570978,26.416666666666668,33.5
2023,MM Sharma,268,362,31,14,44.666666666666664,8.104477611940299,8.64516129032258,11.67741935483871
2023,Mohammed Shami,403,532,28,17,67.16666666666667,7.9205955334987586,14.392857142857142,19.0
2023,Rashid Khan,407,557,28,17,67.83333333333333,8.211302211302211,14.535714285714286,19.892857142857142
2023,TU Deshpande,368,580,24,16,61.333333333333336,9.456521739130434,15.333333333333334,24.166666666666668
2023,M Pathirana,310,386,23,12,51.666666666666664,7.4709677419354845,13.478260869565217,16.782608695652176
2023,PP Chawla,371,499,23,16,61.833333333333336,8.070080862533693,16.130434782608695,21.695652173913043
2023,YS Chahal,326,434,22,14,54.333333333333336,7.987730061349693,14.818181818181818,19.727272727272727
2023,Mohammed Siraj,329,395,20,14,54.833333333333336,7.203647416413373,16.45,19.75
2023,RA Jadeja,348,432,20,16,58.0,7.448275862068965,17.4,21.6
2023,CV Varun,323,445,20,14,53.833333333333336,8.26625386996904,16.15,22.25
2023,B Kumar,319,432,19,14,53.166666666666664,8.12539184952978,16.789473684210527,22.736842105263158
2023,Arshdeep Singh,324,497,18,14,54.0,9.203703703703704,18.0,27.61111111111111
2023,Ravi Bishnoi,312,394,17,14,52.0,7.576923076923077,18.352941176470587,23.176470588235293
2023,JP Behrendorff,262,395,17,12,43.666666666666664,9.045801526717558,15.411764705882353,23.235294117647058
2023,Noor Ahmad,299,375,16,13,49.833333333333336,7.525083612040134,18.6875,23.4375
2023,R Ashwin,309,370,15,13,51.5,7.184466019417476,20.6,24.666666666666668
2023,Sandeep Sharma,290,398,15,12,48.333333333333336,8.23448275862069,19.333333333333332,26.533333333333335
2023,HV Patel,302,468,15,13,50.333333333333336,9.298013245033113,20.133333333333333,31.2
2023,TA Boult,235,316,13,10,39.166666666666664,8.068085106382979,18.076923076923077,24.307692307692307
2023,NT Ellis,233,342,13,10,38.833333333333336,8.806866952789699,17.923076923076923,26.307692307692307
2023,T Natarajan,276,416,13,12,46.0,9.043478260869565,21.23076923076923,32.0
2023,M Markande,230,300,12,10,38.333333333333336,7.826086956521738,19.166666666666668,25.0
2024,HV Patel,317,485,30,14,52.833333333333336,9.17981072555205,10.566666666666666,16.166666666666668
2024,Avesh Khan,346,533,22,15,57.666666666666664,9.242774566473988,15.727272727272727,24.227272727272727
2024,JJ Bumrah,328,341,21,13,54.666666666666664,6.237804878048781,15.619047619047619,16.238095238095237
2024,CV Varun,309,411,21,14,51.5,7.980582524271845,14.714285714285714,19.571428571428573
2024,T Natarajan,332,469,20,14,55.333333333333336,8.475903614457831,16.6,23.45
2024,Harshit Rana,264,385,20,11,44.0,8.75,13.2,19.25
2024,Arshdeep Singh,326,514,20,14,54.333333333333336,9.460122699386503,16.3,25.7
2024,MA Starc,267,450,20,13,44.5,10.112359550561798,13.35,22.5
2024,YS Chahal,362,548,19,15,60.333333333333336,9.082872928176796,19.05263157894737,28.842105263157894
2024,SP Narine,334,376,18,14,55.666666666666664,6.754491017964072,18.555555555555557,20.88888888888889
2024,TU Deshpande,310,435,18,13,51.666666666666664,8.419354838709678,17.22222222222222,24.166666666666668
2024,PJ Cummins,375,571,18,16,62.5,9.136,20.833333333333332,31.72222222222222
2024,KK Ahmed,324,493,17,14,54.0,9.12962962962963,19.058823529411764,29.0
2024,TA Boult,333,448,16,15,55.5,8.072072072072071,20.8125,28.0
2024,Kuldeep Yadav,267,376,16,11,44.5,8.44943820224719,16.6875,23.5
2024,Yash Dayal,322,472,16,14,53.666666666666664,8.79503105590062,20.125,29.5
2024,SM Curran,254,422,16,13,42.333333333333336,9.968503937007874,15.875,26.375
2024,MM Sharma,245,428,16,11,40.833333333333336,10.481632653061224,15.3125,26.75
2024,Sandeep Sharma,236,314,15,10,39.333333333333336,7.983050847457626,15.733333333333333,20.933333333333334
2024,Mohammed Siraj,350,507,15,14,58.333333333333336,8.69142857142857,23.333333333333332,33.8
2024,Naveen-ul-Haq,232,375,15,10,38.666666666666664,9.698275862068966,15.466666666666667,25.0
2024,Mustafizur Rahman,225,324,14,9,37.5,8.64,16.071428571428573,23.142857142857142
2024,HH Pandya,226,389,13,12,37.666666666666664,10.327433628318584,17.384615384615383,29.923076923076923
2024,Yash Thakur,225,405,12,10,37.5,10.8,18.75,33.75
2025,M Prasidh Krishna,364,506,26,15,60.666666666666664,8.340659340659341,14.0,19.46153846153846
2025,Noor Ahmad,314,416,24,14,52.333333333333336,7.949044585987261,13.083333333333334,17.333333333333332
2025,TA Boult,357,520,23,16,59.5,8.739495798319327,15.521739130434783,22.608695652173914
2025,Arshdeep Singh,367,527,22,16,61.166666666666664,8.615803814713896,16.681818181818183,23.954545454545453
2025,JR Hazlewood,270,389,22,12,45.0,8.644444444444444,12.272727272727273,17.681818181818183
2025,JJ Bumrah,289,322,21,12,48.166666666666664,6.685121107266436,13.761904761904763,15.333333333333334
2025,R Sai Kishore,262,396,19,15,43.666666666666664,9.068702290076336,13.789473684210526,20.842105263157894
2025,VG Arora,272,431,19,12,45.333333333333336,9.50735294117647,14.31578947368421,22.68421052631579
2025,B Kumar,318,490,18,14,53.0,9.245283018867925,17.666666666666668,27.22222222222222
2025,CV Varun,308,390,17,13,51.333333333333336,7.597402597402597,18.11764705882353,22.941176470588236
2025,KH Pandya,283,380,17,15,47.166666666666664,8.056537102473499,16.647058823529413,22.352941176470587
2025,HV Patel,286,434,17,13,47.666666666666664,9.104895104895105,16.823529411764707,25.529411764705884
2025,MA Starc,239,402,17,11,39.833333333333336,10.09205020920502,14.058823529411764,23.647058823529413
2025,Kuldeep Yadav,324,392,16,14,54.0,7.2592592592592595,20.25,24.5
2025,Mohammed Siraj,367,540,16,15,61.166666666666664,8.8283378746594,22.9375,33.75
2025,PJ Cummins,312,460,16,14,52.0,8.846153846153847,19.5,28.75
2025,M Jansen,300,448,16,14,50.0,8.96,18.75,28.0
2025,YS Chahal,277,431,16,13,46.166666666666664,9.335740072202167,17.3125,26.9375
2025,KK Ahmed,290,454,16,14,48.333333333333336,9.39310344827586,18.125,28.375
2025,M Pathirana,284,430,15,12,47.333333333333336,9.08450704225352,18.933333333333334,28.666666666666668
2025,Harshit Rana,276,457,15,13,46.0,9.934782608695652,18.4,30.466666666666665
2025,SN Thakur,226,376,15,10,37.666666666666664,9.982300884955754,15.066666666666666,25.066666666666666
2025,DS Rathi,321,435,14,13,53.5,8.130841121495328,22.928571428571427,31.071428571428573
2025,HH Pandya,229,345,14,14,38.166666666666664,9.039301310043669,16.357142857142858,24.642857142857142
2025,Yash Dayal,305,479,14,15,50.833333333333336,9.422950819672131,21.785714285714285,34.214285714285715
2025,Mukesh Kumar,255,411,14,12,42.5,9.670588235294117,18.214285714285715,29.357142857142858
2025,Avesh Khan,294,487,13,13,49.0,9.938775510204081,22.615384615384617,37.46153846153846
2025,SP Narine,275,357,12,12,45.833333333333336,7.789090909090909,22.916666666666668,29.75
2025,DL Chahar,263,378,12,14,43.833333333333336,8.62357414448669,21.916666666666668,31.5
2025,V Nigam,244,361,12,13,40.666666666666664,8.87704918032787,20.333333333333332,30.083333333333332
2025,JC Archer,292,445,12,12,48.666666666666664,9.143835616438357,24.333333333333332,37.083333333333336
